{"cameraMode":{"drawMode":0,"name":"Shaded","section":"Shading Mode"},"sceneLighting":true,"audioPlay":false,"sceneViewState":{"showFog":true,"showMaterialUpdate":true,"showSkybox":true,"showFlares":true,"showImageEffects":true,"showParticleSystems":true},"in2DMode":false,"pivot":{"x":5.10391902923584,"y":1.6097946166992188,"z":-4.549780368804932},"rotation":{"x":-0.11882074177265167,"y":-0.8574249148368836,"z":0.22875045239925385,"w":-0.4453958570957184},"size":8.983734130859375,"orthographic":false}