{"cameraMode":{"drawMode":0,"name":"Shaded","section":"Shading Mode"},"sceneLighting":false,"audioPlay":false,"sceneViewState":{"showFog":true,"showMaterialUpdate":true,"showSkybox":true,"showFlares":true,"showImageEffects":true,"showParticleSystems":true},"in2DMode":false,"pivot":{"x":1.9560036659240723,"y":-2.5486257076263429,"z":-4.40602445602417},"rotation":{"x":-0.052744027227163318,"y":-0.9457605481147766,"z":0.25231435894966128,"w":-0.19771867990493775},"size":6.7869110107421879,"orthographic":false}